Party,Member,yes,no,absent,Vote
CDU/CSU,Abercron,1,0,0,yes
CDU/CSU,Albani,1,0,0,yes
CDU/CSU,Altenkamp,1,0,0,yes
CDU/CSU,Altmaier,0,0,0,absent
CDU/CSU,Amthor,1,0,0,yes
CDU/CSU,Auernhammer,1,0,0,yes
CDU/CSU,Aumer,1,0,0,yes
CDU/CSU,Bär,1,0,0,yes
CDU/CSU,Bareiß,1,0,0,yes
CDU/CSU,Barthle,1,0,0,yes
CDU/CSU,Beermann,1,0,0,yes
CDU/CSU,Behrens (Börde),0,0,0,absent
CDU/CSU,Bellmann,1,0,0,yes
CDU/CSU,Benning,1,0,0,yes
CDU/CSU,Berghegger,1,0,0,yes
CDU/CSU,Bernstein,1,0,0,yes
CDU/CSU,Bernstiel,1,0,0,yes
CDU/CSU,Beyer,1,0,0,yes
CDU/CSU,Biadacz,1,0,0,yes
CDU/CSU,Bilger,1,0,0,yes
CDU/CSU,Bleser,1,0,0,yes
CDU/CSU,Brackmann,1,0,0,yes
CDU/CSU,Brand (Fulda),1,0,0,yes
CDU/CSU,Brandl,1,0,0,yes
CDU/CSU,Brauksiepe,1,0,0,yes
CDU/CSU,Braun,1,0,0,yes
CDU/CSU,Breher,1,0,0,yes
CDU/CSU,Brehm,1,0,0,yes
CDU/CSU,Brehmer,1,0,0,yes
CDU/CSU,Brinkhaus,1,0,0,yes
CDU/CSU,Brodesser,1,0,0,yes
CDU/CSU,Connemann,1,0,0,yes
CDU/CSU,Damerow,1,0,0,yes
CDU/CSU,Dobrindt,1,0,0,yes
CDU/CSU,Donth,1,0,0,yes
CDU/CSU,Dött,1,0,0,yes
CDU/CSU,Durz,1,0,0,yes
CDU/CSU,Erndl,1,0,0,yes
CDU/CSU,Färber,1,0,0,yes
CDU/CSU,Feiler,1,0,0,yes
CDU/CSU,Ferlemann,1,0,0,yes
CDU/CSU,Fischer (Karlsruhe-Land),1,0,0,yes
CDU/CSU,Flachsbarth,1,0,0,yes
CDU/CSU,Frei,1,0,0,yes
CDU/CSU,Friedrich (Hof),1,0,0,yes
CDU/CSU,Frieser,1,0,0,yes
CDU/CSU,Fuchtel,1,0,0,yes
CDU/CSU,Gädechens,1,0,0,yes
CDU/CSU,Gebhart,1,0,0,yes
CDU/CSU,Gerig,1,0,0,yes
CDU/CSU,Gienger,1,0,0,yes
CDU/CSU,Gnodtke,1,0,0,yes
CDU/CSU,Groden-Kranich,1,0,0,yes
CDU/CSU,Gröhe,1,0,0,yes
CDU/CSU,Gröhler,1,0,0,yes
CDU/CSU,Grosse-Brömer,1,0,0,yes
CDU/CSU,Grotelüschen,1,0,0,yes
CDU/CSU,Grübel,1,0,0,yes
CDU/CSU,Grund,1,0,0,yes
CDU/CSU,Grundmann,1,0,0,yes
CDU/CSU,Grütters,1,0,0,yes
CDU/CSU,Güntzler,1,0,0,yes
CDU/CSU,Gutting,1,0,0,yes
CDU/CSU,Haase,1,0,0,yes
CDU/CSU,Hahn,1,0,0,yes
CDU/CSU,Harbarth,1,0,0,yes
CDU/CSU,Hardt,1,0,0,yes
CDU/CSU,Hauer,1,0,0,yes
CDU/CSU,Hauptmann,1,0,0,yes
CDU/CSU,Heider,1,0,0,yes
CDU/CSU,Heil,1,0,0,yes
CDU/CSU,Heilmann,1,0,0,yes
CDU/CSU,Heinrich (Chemnitz),1,0,0,yes
CDU/CSU,Helfrich,1,0,0,yes
CDU/CSU,Henke,1,0,0,yes
CDU/CSU,Hennrich,1,0,0,yes
CDU/CSU,Henrichmann,1,0,0,yes
CDU/CSU,Heveling,1,0,0,yes
CDU/CSU,Hirte,1,0,0,yes
CDU/CSU,Hirte,1,0,0,yes
CDU/CSU,Hoffmann,0,0,0,absent
CDU/CSU,Holmeier,1,0,0,yes
CDU/CSU,Hoppenstedt,1,0,0,yes
CDU/CSU,Irlstorfer,1,0,0,yes
CDU/CSU,Irmer,1,0,0,yes
CDU/CSU,Jarzombek,1,0,0,yes
CDU/CSU,Jung,1,0,0,yes
CDU/CSU,Jung,1,0,0,yes
CDU/CSU,Karl,1,0,0,yes
CDU/CSU,Karliczek,1,0,0,yes
CDU/CSU,Kartes,1,0,0,yes
CDU/CSU,Kauder,1,0,0,yes
CDU/CSU,Kaufmann,1,0,0,yes
CDU/CSU,Kemmer,1,0,0,yes
CDU/CSU,Kiesewetter,1,0,0,yes
CDU/CSU,Kießling,1,0,0,yes
CDU/CSU,Kippels,1,0,0,yes
CDU/CSU,Klein,1,0,0,yes
CDU/CSU,Knoerig,1,0,0,yes
CDU/CSU,Koeppen,1,0,0,yes
CDU/CSU,Koob,1,0,0,yes
CDU/CSU,Körber,1,0,0,yes
CDU/CSU,Krauß,1,0,0,yes
CDU/CSU,Krichbaum,1,0,0,yes
CDU/CSU,Krings,1,0,0,yes
CDU/CSU,Kruse,1,0,0,yes
CDU/CSU,Kuffer,1,0,0,yes
CDU/CSU,Kühne,1,0,0,yes
CDU/CSU,Lamers,1,0,0,yes
CDU/CSU,Lämmel,1,0,0,yes
CDU/CSU,Landgraf,0,0,0,absent
CDU/CSU,Lange,1,0,0,yes
CDU/CSU,Launert,1,0,0,yes
CDU/CSU,Lehmann,1,0,0,yes
CDU/CSU,Lehrieder,1,0,0,yes
CDU/CSU,Leikert,1,0,0,yes
CDU/CSU,Lenz,1,0,0,yes
CDU/CSU,Leyen,1,0,0,yes
CDU/CSU,Lezius,1,0,0,yes
CDU/CSU,Lindholz,1,0,0,yes
CDU/CSU,Linnemann,1,0,0,yes
CDU/CSU,Lips,1,0,0,yes
CDU/CSU,Löbel,1,0,0,yes
CDU/CSU,Loos,1,0,0,yes
CDU/CSU,Luczak,1,0,0,yes
CDU/CSU,Ludwig,1,0,0,yes
CDU/CSU,Maag,1,0,0,yes
CDU/CSU,Magwas,1,0,0,yes
CDU/CSU,Maizière,1,0,0,yes
CDU/CSU,Mannes,1,0,0,yes
CDU/CSU,Marschall,1,0,0,yes
CDU/CSU,Marwitz,1,0,0,yes
CDU/CSU,Mattfeldt,1,0,0,yes
CDU/CSU,Mayer (Altötting),1,0,0,yes
CDU/CSU,Meister,1,0,0,yes
CDU/CSU,Merkel,1,0,0,yes
CDU/CSU,Metzler,1,0,0,yes
CDU/CSU,Michelbach,1,0,0,yes
CDU/CSU,Middelberg,1,0,0,yes
CDU/CSU,Monstadt,1,0,0,yes
CDU/CSU,Möring,1,0,0,yes
CDU/CSU,Mortler,1,0,0,yes
CDU/CSU,Motschmann,1,0,0,yes
CDU/CSU,Müller,1,0,0,yes
CDU/CSU,Müller,1,0,0,yes
CDU/CSU,Müller,1,0,0,yes
CDU/CSU,Müller (Braunschweig),1,0,0,yes
CDU/CSU,Müller (Erlangen),1,0,0,yes
CDU/CSU,Nick,1,0,0,yes
CDU/CSU,Nicolaisen,1,0,0,yes
CDU/CSU,Noll,1,0,0,yes
CDU/CSU,Nüßlein,1,0,0,yes
CDU/CSU,Oellers,1,0,0,yes
CDU/CSU,Oßner,1,0,0,yes
CDU/CSU,Oster,1,0,0,yes
CDU/CSU,Otte,1,0,0,yes
CDU/CSU,Pantel,1,0,0,yes
CDU/CSU,Patzelt,1,0,0,yes
CDU/CSU,Pfeiffer,1,0,0,yes
CDU/CSU,Pilsinger,1,0,0,yes
CDU/CSU,Ploß,1,0,0,yes
CDU/CSU,Pols,1,0,0,yes
CDU/CSU,Rachel,1,0,0,yes
CDU/CSU,Radomski,1,0,0,yes
CDU/CSU,Radwan,1,0,0,yes
CDU/CSU,Rainer,1,0,0,yes
CDU/CSU,Ramsauer,1,0,0,yes
CDU/CSU,Rehberg,1,0,0,yes
CDU/CSU,Riebsamen,1,0,0,yes
CDU/CSU,Rief,1,0,0,yes
CDU/CSU,Röring,1,0,0,yes
CDU/CSU,Röttgen,1,0,0,yes
CDU/CSU,Rouenhoff,1,0,0,yes
CDU/CSU,Rüddel,1,0,0,yes
CDU/CSU,Rupprecht,1,0,0,yes
CDU/CSU,Sauer,1,0,0,yes
CDU/CSU,Schäfer (Saalstadt),1,0,0,yes
CDU/CSU,Schäuble,1,0,0,yes
CDU/CSU,Scheuer,1,0,0,yes
CDU/CSU,Schimke,0,0,0,absent
CDU/CSU,Schipanski,1,0,0,yes
CDU/CSU,Schmidt (Fürth),1,0,0,yes
CDU/CSU,Schmidtke,1,0,0,yes
CDU/CSU,Schnieder,1,0,0,yes
CDU/CSU,Schön,1,0,0,yes
CDU/CSU,Schreiner,1,0,0,yes
CDU/CSU,Schulze,1,0,0,yes
CDU/CSU,Schummer,1,0,0,yes
CDU/CSU,Schuster (Weil am Rhein),1,0,0,yes
CDU/CSU,Schweiger,1,0,0,yes
CDU/CSU,Seif,1,0,0,yes
CDU/CSU,Selle,1,0,0,yes
CDU/CSU,Sendker,1,0,0,yes
CDU/CSU,Sensburg,1,0,0,yes
CDU/CSU,Silberhorn,1,0,0,yes
CDU/CSU,Simon,1,0,0,yes
CDU/CSU,Sorge,1,0,0,yes
CDU/CSU,Spahn,1,0,0,yes
CDU/CSU,Staffler,1,0,0,yes
CDU/CSU,Steffel,1,0,0,yes
CDU/CSU,Stefinger,1,0,0,yes
CDU/CSU,Stegemann,1,0,0,yes
CDU/CSU,Steier,1,0,0,yes
CDU/CSU,Stein (Rostock),1,0,0,yes
CDU/CSU,Steineke,1,0,0,yes
CDU/CSU,Steiniger,1,0,0,yes
CDU/CSU,Stetten,1,0,0,yes
CDU/CSU,Stier,1,0,0,yes
CDU/CSU,Storjohann,1,0,0,yes
CDU/CSU,Stracke,1,0,0,yes
CDU/CSU,Straubinger,1,0,0,yes
CDU/CSU,Strenz,1,0,0,yes
CDU/CSU,Stübgen,1,0,0,yes
CDU/CSU,Tauber,0,0,0,absent
CDU/CSU,Tebroke,1,0,0,yes
CDU/CSU,Thies,1,0,0,yes
CDU/CSU,Throm,1,0,0,yes
CDU/CSU,Tiemann,1,0,0,yes
CDU/CSU,Tillmann,1,0,0,yes
CDU/CSU,Uhl,1,0,0,yes
CDU/CSU,Ullrich,1,0,0,yes
CDU/CSU,Vaatz,0,0,0,absent
CDU/CSU,Veith,1,0,0,yes
CDU/CSU,Vieregge,1,0,0,yes
CDU/CSU,Vogel (Kleinsaara),1,0,0,yes
CDU/CSU,Vries,1,0,0,yes
CDU/CSU,Vries,1,0,0,yes
CDU/CSU,Wadephul,1,0,0,yes
CDU/CSU,Wanderwitz,1,0,0,yes
CDU/CSU,Wegner,1,0,0,yes
CDU/CSU,Weiler,1,0,0,yes
CDU/CSU,Weinberg (Hamburg),1,0,0,yes
CDU/CSU,Weisgerber,1,0,0,yes
CDU/CSU,Weiß (Emmendingen),1,0,0,yes
CDU/CSU,Weiss (Wesel I),1,0,0,yes
CDU/CSU,Wellenreuther,1,0,0,yes
CDU/CSU,Wendt,1,0,0,yes
CDU/CSU,Whittaker,1,0,0,yes
CDU/CSU,Widmann-Mauz,1,0,0,yes
CDU/CSU,Wiesmann,1,0,0,yes
CDU/CSU,Willsch,1,0,0,yes
CDU/CSU,Winkelmeier-Becker,1,0,0,yes
CDU/CSU,Wittke,1,0,0,yes
CDU/CSU,Zeulner,1,0,0,yes
CDU/CSU,Ziemiak,1,0,0,yes
CDU/CSU,Zimmer,1,0,0,yes
SPD,Annen,1,0,0,yes
SPD,Arndt-Brauer,1,0,0,yes
SPD,Baehrens,1,0,0,yes
SPD,Bahr,1,0,0,yes
SPD,Barley,1,0,0,yes
SPD,Barnett,1,0,0,yes
SPD,Bartke,1,0,0,yes
SPD,Bartol,1,0,0,yes
SPD,Bas,1,0,0,yes
SPD,Binding (Heidelberg),1,0,0,yes
SPD,Breymaier,1,0,0,yes
SPD,Brunner,1,0,0,yes
SPD,Budde,1,0,0,yes
SPD,Bülow,0,0,0,absent
SPD,Burkert,1,0,0,yes
SPD,Castellucci,1,0,0,yes
SPD,Daldrup,1,0,0,yes
SPD,De Ridder,1,0,0,yes
SPD,Diaby,1,0,0,yes
SPD,Dilcher,1,0,0,yes
SPD,Dittmar,1,0,0,yes
SPD,Esdar,1,0,0,yes
SPD,Esken,1,0,0,yes
SPD,Fahimi,1,0,0,yes
SPD,Fechner,1,0,0,yes
SPD,Felgentreu,1,0,0,yes
SPD,Franke,1,0,0,yes
SPD,Freese,1,0,0,yes
SPD,Freitag,1,0,0,yes
SPD,Gabriel,0,0,0,absent
SPD,Gerdes,1,0,0,yes
SPD,Gerster,1,0,0,yes
SPD,Glöckner,1,0,0,yes
SPD,Gremmels,1,0,0,yes
SPD,Griese,1,0,0,yes
SPD,Groß,1,0,0,yes
SPD,Grötsch,1,0,0,yes
SPD,Hagedorn,1,0,0,yes
SPD,Hagl-Kehl,1,0,0,yes
SPD,Hakverdi,1,0,0,yes
SPD,Hartmann,1,0,0,yes
SPD,Heidenblut,1,0,0,yes
SPD,Heil (Peine),1,0,0,yes
SPD,Heinrich,1,0,0,yes
SPD,Held,0,0,0,absent
SPD,Hellmich,1,0,0,yes
SPD,Hendricks,1,0,0,yes
SPD,Herzog,1,0,0,yes
SPD,Hiller-Ohm,1,0,0,yes
SPD,Hitschler,1,0,0,yes
SPD,Högl,1,0,0,yes
SPD,Junge,1,0,0,yes
SPD,Juratovic,1,0,0,yes
SPD,Jurk,1,0,0,yes
SPD,Kaczmarek,1,0,0,yes
SPD,Kahrs,1,0,0,yes
SPD,Kaiser,1,0,0,yes
SPD,Kapschack,1,0,0,yes
SPD,Katzmarek,1,0,0,yes
SPD,Kelber,1,0,0,yes
SPD,Kiziltepe,1,0,0,yes
SPD,Klare,1,0,0,yes
SPD,Klingbeil,1,0,0,yes
SPD,Kofler,1,0,0,yes
SPD,Kolbe,1,0,0,yes
SPD,Korkmaz,1,0,0,yes
SPD,Kramme,1,0,0,yes
SPD,Lambrecht,1,0,0,yes
SPD,Lange (Backnang),1,0,0,yes
SPD,Lauterbach,1,0,0,yes
SPD,Lindh,1,0,0,yes
SPD,Lischka,1,0,0,yes
SPD,Lühmann,1,0,0,yes
SPD,Maas,1,0,0,yes
SPD,Marks,1,0,0,yes
SPD,Mast,1,0,0,yes
SPD,Matschie,1,0,0,yes
SPD,Mattheis,1,0,0,yes
SPD,Miersch,1,0,0,yes
SPD,Mindrup,1,0,0,yes
SPD,Mittag,1,0,0,yes
SPD,Mohrs,1,0,0,yes
SPD,Moll,1,0,0,yes
SPD,Möller,1,0,0,yes
SPD,Müller,1,0,0,yes
SPD,Müller (Chemnitz),1,0,0,yes
SPD,Müntefering,0,0,0,absent
SPD,Mützenich,1,0,0,yes
SPD,Nahles,1,0,0,yes
SPD,Nietan,1,0,0,yes
SPD,Nissen,1,0,0,yes
SPD,Oppermann,1,0,0,yes
SPD,Ortleb,1,0,0,yes
SPD,Özdemir (Duisburg),1,0,0,yes
SPD,Özoguz,1,0,0,yes
SPD,Petry,1,0,0,yes
SPD,Pilger,1,0,0,yes
SPD,Poschmann,1,0,0,yes
SPD,Post,1,0,0,yes
SPD,Post (Minden),1,0,0,yes
SPD,Pronold,1,0,0,yes
SPD,Raabe,1,0,0,yes
SPD,Rabanus,1,0,0,yes
SPD,Rimkus,1,0,0,yes
SPD,Rix,1,0,0,yes
SPD,Rohde,1,0,0,yes
SPD,Rosemann,1,0,0,yes
SPD,Röspel,1,0,0,yes
SPD,Rossmann,1,0,0,yes
SPD,Roth (Heringen),1,0,0,yes
SPD,Rüthrich,1,0,0,yes
SPD,Rützel,1,0,0,yes
SPD,Ryglewski,1,0,0,yes
SPD,Saathoff,1,0,0,yes
SPD,Schäfer (Bochum),0,0,0,absent
SPD,Scheer,1,0,0,yes
SPD,Schieder,1,0,0,yes
SPD,Schiefner,0,0,0,absent
SPD,Schmid,1,0,0,yes
SPD,Schmidt,1,0,0,yes
SPD,Schmidt (Aachen),1,0,0,yes
SPD,Schmidt (Wetzlar),1,0,0,yes
SPD,Schneider (Erfurt),1,0,0,yes
SPD,Schraps,1,0,0,yes
SPD,Schrodi,1,0,0,yes
SPD,Schüle,1,0,0,yes
SPD,Schulte,1,0,0,yes
SPD,Schulz,1,0,0,yes
SPD,Schulz (Spandau),1,0,0,yes
SPD,Schwabe,1,0,0,yes
SPD,Schwartze,1,0,0,yes
SPD,Schwarz,1,0,0,yes
SPD,Schwarzelühr-Sutter,1,0,0,yes
SPD,Spiering,1,0,0,yes
SPD,Stadler,1,0,0,yes
SPD,Stamm-Fibich,1,0,0,yes
SPD,Steffen,1,0,0,yes
SPD,Stein,1,0,0,yes
SPD,Tack,1,0,0,yes
SPD,Tausend,1,0,0,yes
SPD,Thews,1,0,0,yes
SPD,Töns,1,0,0,yes
SPD,Träger,1,0,0,yes
SPD,Vogt,1,0,0,yes
SPD,Völlers,1,0,0,yes
SPD,Vöpel,1,0,0,yes
SPD,Weber,1,0,0,yes
SPD,Westphal,1,0,0,yes
SPD,Wiese,1,0,0,yes
SPD,Yüksel,1,0,0,yes
SPD,Ziegler,1,0,0,yes
SPD,Zierke,1,0,0,yes
SPD,Zimmermann,1,0,0,yes
AfD,Baumann,0,1,0,no
AfD,Bernhard,0,1,0,no
AfD,Bleck,0,1,0,no
AfD,Boehringer,0,1,0,no
AfD,Brandner,0,1,0,no
AfD,Braun,0,1,0,no
AfD,Bühl,0,1,0,no
AfD,Büttner,0,1,0,no
AfD,Bystron,0,1,0,no
AfD,Chrupalla,0,1,0,no
AfD,Cotar,0,1,0,no
AfD,Curio,0,1,0,no
AfD,Droese,0,1,0,no
AfD,Ehrhorn,0,1,0,no
AfD,Elsner von Gronow,0,1,0,no
AfD,Espendiller,0,1,0,no
AfD,Felser,0,0,0,absent
AfD,Friedhoff,0,1,0,no
AfD,Friesen,0,1,0,no
AfD,Frohnmaier,0,1,0,no
AfD,Frömming,0,1,0,no
AfD,Gauland,0,1,0,no
AfD,Gehrke,0,1,0,no
AfD,Glaser,0,1,0,no
AfD,Gminder,0,1,0,no
AfD,Gottberg,0,1,0,no
AfD,Gottschalk,0,1,0,no
AfD,Hampel,0,1,0,no
AfD,Harder-Kühnel,0,1,0,no
AfD,Hartmann,0,1,0,no
AfD,Hartwig,0,1,0,no
AfD,Haug,0,1,0,no
AfD,Hebner,0,1,0,no
AfD,Hemmelgarn,0,0,0,absent
AfD,Herdt,0,1,0,no
AfD,Herrmann,0,1,0,no
AfD,Hess,0,0,0,absent
AfD,Heßenkemper,0,0,0,absent
AfD,Hilse,0,1,0,no
AfD,Höchst,0,1,0,no
AfD,Hohmann,0,1,0,no
AfD,Hollnagel,0,1,0,no
AfD,Holm,0,1,0,no
AfD,Huber,0,1,0,no
AfD,Jacobi,0,1,0,no
AfD,Jongen,0,1,0,no
AfD,Kamann,0,1,0,no
AfD,Kestner,0,1,0,no
AfD,Keuter,0,1,0,no
AfD,Kleinwächter,0,1,0,no
AfD,Komning,0,1,0,no
AfD,König,0,1,0,no
AfD,Kotré,0,1,0,no
AfD,Kraft,0,1,0,no
AfD,Lucassen,0,1,0,no
AfD,Magnitz,0,1,0,no
AfD,Maier,0,1,0,no
AfD,Maier,0,0,0,absent
AfD,Malsack-Winkemann,0,1,0,no
AfD,Miazga,0,1,0,no
AfD,Mrosek,0,1,0,no
AfD,Müller,0,1,0,no
AfD,Münz,0,1,0,no
AfD,Münzenmaier,0,1,0,no
AfD,Neumann,0,1,0,no
AfD,Nolte,0,1,0,no
AfD,Oehme,0,1,0,no
AfD,Otten,0,1,0,no
AfD,Pasemann,0,1,0,no
AfD,Peterka,0,1,0,no
AfD,Podolay,0,1,0,no
AfD,Pohl,0,1,0,no
AfD,Protschka,0,1,0,no
AfD,Reichardt,0,1,0,no
AfD,Renner,0,1,0,no
AfD,Reusch,0,1,0,no
AfD,Schielke-Ziesing,0,1,0,no
AfD,Schlund,0,0,0,absent
AfD,Schneider,0,1,0,no
AfD,Schulz,0,1,0,no
AfD,Seitz,0,1,0,no
AfD,Sichert,0,1,0,no
AfD,Spangenberg,0,1,0,no
AfD,Spaniel,0,1,0,no
AfD,Springer,0,1,0,no
AfD,Storch,0,1,0,no
AfD,Weidel,0,1,0,no
AfD,Weyel,0,1,0,no
AfD,Wiehle,0,1,0,no
AfD,Wildberg,0,1,0,no
AfD,Wirth,0,1,0,no
AfD,Witt,0,1,0,no
FDP,Aggelidis,0,1,0,no
FDP,Alt,0,1,0,no
FDP,Aschenberg-Dugnus,0,1,0,no
FDP,Bauer,0,1,0,no
FDP,Beeck,0,1,0,no
FDP,Beer,0,1,0,no
FDP,Brandenburg,0,1,0,no
FDP,Brandenburg (Rhein-Neckar),0,1,0,no
FDP,Buschmann,0,1,0,no
FDP,Busen,0,1,0,no
FDP,Cronenberg,0,1,0,no
FDP,Dassler,0,1,0,no
FDP,Djir-Sarai,0,1,0,no
FDP,Dürr,0,1,0,no
FDP,Ebbing,0,1,0,no
FDP,Faber,0,1,0,no
FDP,Föst,0,1,0,no
FDP,Fricke,0,1,0,no
FDP,Hacker,0,1,0,no
FDP,Helling-Plahr,0,1,0,no
FDP,Herbrand,0,1,0,no
FDP,Herbst,0,1,0,no
FDP,Hessel,0,1,0,no
FDP,Hocker,0,1,0,no
FDP,Höferlin,0,1,0,no
FDP,Hoffmann,0,1,0,no
FDP,Houben,0,1,0,no
FDP,Ihnen,0,1,0,no
FDP,In der Beek,0,1,0,no
FDP,Jensen,0,1,0,no
FDP,Jung,0,1,0,no
FDP,Kemmerich,0,1,0,no
FDP,Klein,0,1,0,no
FDP,Klinge,0,1,0,no
FDP,Kluckert,0,1,0,no
FDP,Kober,0,1,0,no
FDP,Köhler,0,1,0,no
FDP,Konrad,0,1,0,no
FDP,Kubicki,0,1,0,no
FDP,Kuhle,0,1,0,no
FDP,Kulitz,0,1,0,no
FDP,Lambsdorff,0,1,0,no
FDP,Lechte,0,1,0,no
FDP,Lindner,0,1,0,no
FDP,Link (Heilbronn),0,1,0,no
FDP,Luksic,0,0,0,absent
FDP,Mansmann,0,1,0,no
FDP,Martens,0,0,0,absent
FDP,Meyer,0,1,0,no
FDP,Müller,0,0,0,absent
FDP,Müller-Böhm,0,1,0,no
FDP,Müller-Rosentritt,0,1,0,no
FDP,Neumann (Lausitz),0,1,0,no
FDP,Reinhold,0,1,0,no
FDP,Reuther,0,1,0,no
FDP,Ruppert,0,1,0,no
FDP,Sattelberger,0,1,0,no
FDP,Sauter,0,1,0,no
FDP,Schäffler,0,1,0,no
FDP,Schinnenburg,0,1,0,no
FDP,Schulz,0,0,0,absent
FDP,Seestern-Pauly,0,1,0,no
FDP,Sitta,0,1,0,no
FDP,Skudelny,0,1,0,no
FDP,Solms,0,1,0,no
FDP,Stark-Watzinger,0,1,0,no
FDP,Strack-Zimmermann,0,1,0,no
FDP,Strasser,0,1,0,no
FDP,Suding,0,1,0,no
FDP,Teuteberg,0,1,0,no
FDP,Theurer,0,1,0,no
FDP,Thomae,0,1,0,no
FDP,Todtenhausen,0,1,0,no
FDP,Toncar,0,1,0,no
FDP,Ullmann,0,1,0,no
FDP,Ullrich,0,1,0,no
FDP,Vogel (Olpe),0,0,0,absent
FDP,Weeser,0,1,0,no
FDP,Westig,0,1,0,no
FDP,Willkomm,0,1,0,no
DIE LINKE.,Achelwilm,0,1,0,no
DIE LINKE.,Akbulut,0,1,0,no
DIE LINKE.,Barrientos,0,1,0,no
DIE LINKE.,Bartsch,0,1,0,no
DIE LINKE.,Beutin,0,1,0,no
DIE LINKE.,Birkwald,0,1,0,no
DIE LINKE.,Bluhm,0,1,0,no
DIE LINKE.,Brandt,0,0,0,absent
DIE LINKE.,Buchholz,0,1,0,no
DIE LINKE.,Bull-Bischoff,0,1,0,no
DIE LINKE.,Cezanne,0,1,0,no
DIE LINKE.,Dagdelen,0,1,0,no
DIE LINKE.,De Masi,0,1,0,no
DIE LINKE.,Dehm,0,1,0,no
DIE LINKE.,Domscheit-Berg,0,1,0,no
DIE LINKE.,Ernst,0,1,0,no
DIE LINKE.,Ferschl,0,1,0,no
DIE LINKE.,Freihold,0,1,0,no
DIE LINKE.,Gabelmann,0,1,0,no
DIE LINKE.,Gohlke,0,0,0,absent
DIE LINKE.,Gysi,0,1,0,no
DIE LINKE.,Hahn,0,1,0,no
DIE LINKE.,Hänsel,0,1,0,no
DIE LINKE.,Höhn,0,1,0,no
DIE LINKE.,Hunko,0,1,0,no
DIE LINKE.,Jelpke,0,1,0,no
DIE LINKE.,Kassner,0,1,0,no
DIE LINKE.,Kessler,0,1,0,no
DIE LINKE.,Kipping,0,1,0,no
DIE LINKE.,Korte,0,1,0,no
DIE LINKE.,Krellmann,0,1,0,no
DIE LINKE.,Lay,0,1,0,no
DIE LINKE.,Leidig,0,0,0,absent
DIE LINKE.,Lenkert,0,1,0,no
DIE LINKE.,Leutert,0,1,0,no
DIE LINKE.,Liebich,0,1,0,no
DIE LINKE.,Lötzsch,0,1,0,no
DIE LINKE.,Lutze,0,1,0,no
DIE LINKE.,Meiser,0,1,0,no
DIE LINKE.,Mohamed Ali,0,1,0,no
DIE LINKE.,Möhring,0,1,0,no
DIE LINKE.,Movassat,0,0,0,absent
DIE LINKE.,Müller (Potsdam),0,1,0,no
DIE LINKE.,Nastic,0,1,0,no
DIE LINKE.,Neu,0,1,0,no
DIE LINKE.,Nord,0,0,0,absent
DIE LINKE.,Pau,0,1,0,no
DIE LINKE.,Pellmann,0,1,0,no
DIE LINKE.,Perli,0,1,0,no
DIE LINKE.,Pflüger,0,1,0,no
DIE LINKE.,Remmers,0,1,0,no
DIE LINKE.,Renner,0,1,0,no
DIE LINKE.,Riexinger,0,1,0,no
DIE LINKE.,Schreiber,0,1,0,no
DIE LINKE.,Sitte,0,1,0,no
DIE LINKE.,Sommer,0,1,0,no
DIE LINKE.,Steinke,0,1,0,no
DIE LINKE.,Straetmanns,0,1,0,no
DIE LINKE.,Tackmann,0,1,0,no
DIE LINKE.,Tatti,0,1,0,no
DIE LINKE.,Ulrich,0,1,0,no
DIE LINKE.,Vogler,0,1,0,no
DIE LINKE.,Wagenknecht,0,0,0,absent
DIE LINKE.,Wagner,0,1,0,no
DIE LINKE.,Weinberg,0,0,0,absent
DIE LINKE.,Werner,0,1,0,no
DIE LINKE.,Zdebel,0,1,0,no
DIE LINKE.,Zimmermann,0,1,0,no
DIE LINKE.,Zimmermann (Zwickau),0,1,0,no
BÜ90/GR,Amtsberg,0,1,0,no
BÜ90/GR,Andreae,0,1,0,no
BÜ90/GR,Badum,0,1,0,no
BÜ90/GR,Baerbock,0,1,0,no
BÜ90/GR,Bause,0,1,0,no
BÜ90/GR,Bayaz,0,1,0,no
BÜ90/GR,Bayram,0,1,0,no
BÜ90/GR,Brantner,0,1,0,no
BÜ90/GR,Brugger,0,0,0,absent
BÜ90/GR,Christmann,0,1,0,no
BÜ90/GR,Deligöz,0,1,0,no
BÜ90/GR,Dörner,0,1,0,no
BÜ90/GR,Dröge,0,1,0,no
BÜ90/GR,Ebner,0,1,0,no
BÜ90/GR,Gastel,0,1,0,no
BÜ90/GR,Gehring,0,1,0,no
BÜ90/GR,Gelbhaar,0,1,0,no
BÜ90/GR,Göring-Eckardt,0,1,0,no
BÜ90/GR,Grundl,0,1,0,no
BÜ90/GR,Hajduk,0,1,0,no
BÜ90/GR,Haßelmann,0,1,0,no
BÜ90/GR,Hoffmann,0,1,0,no
BÜ90/GR,Hofreiter,0,1,0,no
BÜ90/GR,Holtz,0,1,0,no
BÜ90/GR,Janecek,0,1,0,no
BÜ90/GR,Kappert-Gonther,0,1,0,no
BÜ90/GR,Kekeritz,0,1,0,no
BÜ90/GR,Keul,0,1,0,no
BÜ90/GR,Kindler,0,1,0,no
BÜ90/GR,Klein-Schmeink,0,1,0,no
BÜ90/GR,Kotting-Uhl,0,1,0,no
BÜ90/GR,Krischer,0,1,0,no
BÜ90/GR,Kühn (Dresden),0,0,0,absent
BÜ90/GR,Kühn (Tübingen),0,1,0,no
BÜ90/GR,Künast,0,1,0,no
BÜ90/GR,Kurth,0,1,0,no
BÜ90/GR,Lazar,0,0,0,absent
BÜ90/GR,Lehmann,0,0,0,absent
BÜ90/GR,Lemke,0,1,0,no
BÜ90/GR,Lindner,0,1,0,no
BÜ90/GR,Mihalic,0,1,0,no
BÜ90/GR,Müller,0,1,0,no
BÜ90/GR,Müller-Gemmeke,0,1,0,no
BÜ90/GR,Nestle,0,0,0,absent
BÜ90/GR,Notz,0,1,0,no
BÜ90/GR,Nouripour,0,1,0,no
BÜ90/GR,Ostendorff,0,1,0,no
BÜ90/GR,Özdemir,0,1,0,no
BÜ90/GR,Paus,0,1,0,no
BÜ90/GR,Polat,0,1,0,no
BÜ90/GR,Rößner,0,1,0,no
BÜ90/GR,Roth (Augsburg),0,1,0,no
BÜ90/GR,Rottmann,0,1,0,no
BÜ90/GR,Rüffer,0,1,0,no
BÜ90/GR,Sarrazin,0,1,0,no
BÜ90/GR,Schauws,0,0,0,absent
BÜ90/GR,Schick,0,0,0,absent
BÜ90/GR,Schmidt,0,1,0,no
BÜ90/GR,Schmidt,0,1,0,no
BÜ90/GR,Schulz-Asche,0,1,0,no
BÜ90/GR,Strengmann-Kuhn,0,1,0,no
BÜ90/GR,Stumpp,0,1,0,no
BÜ90/GR,Tressel,0,1,0,no
BÜ90/GR,Trittin,0,0,0,absent
BÜ90/GR,Verlinden,0,1,0,no
BÜ90/GR,Wagner,0,1,0,no
BÜ90/GR,Walter-Rosenheimer,0,0,0,absent
Fraktionslos,Mieruch,0,0,0,absent
Fraktionslos,Petry,0,1,0,no
